City_ID,City,Lat,Lng,Max Temp,Humidity,Cloudiness,Wind Speed,Country,Date
0,bilibino,68.0546,166.4372,242.73,98,{'all': 100},1.16,RU,1736631366
1,ribeira grande,38.5167,-28.7,293.37,83,{'all': 75},13.89,PT,1736631368
2,albany,42.6001,-73.9662,270.73,74,{'all': 99},5.36,US,1736631346
3,christchurch,-43.5333,172.6333,288.1,70,{'all': 100},7.2,NZ,1736631370
4,bage,-31.3314,-54.1069,300.03,44,{'all': 0},8.23,BR,1736631371
5,riyadh,24.6877,46.7219,288.22,42,{'all': 61},3.74,SA,1736631372
6,wailua homesteads,22.0669,-159.378,298.78,77,{'all': 0},6.17,US,1736631373
7,bethel,41.3712,-73.414,273.12,73,{'all': 89},2.24,US,1736631374
8,kodiak,57.79,-152.4072,278.88,70,{'all': 0},4.63,US,1736631192
9,carnarvon,-24.8667,113.6333,297.95,65,{'all': 31},6.72,AU,1736631376
10,port-aux-francais,-49.35,70.2167,278.84,76,{'all': 16},16.15,TF,1736631378
11,gardnerville ranchos,38.8882,-119.7413,280.5,32,{'all': 0},1.34,US,1736631379
12,puerto natales,-51.7236,-72.4875,290.4,67,{'all': 100},1.03,CL,1736631380
13,ushuaia,-54.8,-68.3,287.96,51,{'all': 75},3.09,AR,1736631381
14,axim,4.8699,-2.2405,300.12,82,{'all': 5},3.39,GH,1736631382
15,howrah,22.5892,88.3103,288.15,88,{'all': 20},0.0,IN,1736631383
16,lihue,21.9789,-159.3672,299.12,73,{'all': 0},6.17,US,1736631384
17,waitangi,-43.9535,-176.5597,284.72,98,{'all': 100},3.58,NZ,1736631385
18,obock,12.25,43.0833,292.47,78,{'all': 57},7.47,DJ,1736631386
19,qaqortoq,60.7167,-46.0333,276.43,62,{'all': 100},6.94,GL,1736631387
20,blackmans bay,-43.0167,147.3167,294.55,73,{'all': 100},2.98,AU,1736631389
21,kavaratti,10.5669,72.642,300.46,73,{'all': 100},3.74,IN,1736631390
22,alofi,-19.0595,-169.9187,300.09,74,{'all': 75},6.17,NU,1736631167
23,iqaluit,63.7506,-68.5145,262.0,73,{'all': 75},2.57,CA,1736631392
24,grytviken,-54.2811,-36.5092,277.28,74,{'all': 50},1.05,GS,1736631393
25,remire-montjoly,4.9167,-52.2667,301.17,78,{'all': 75},5.14,GF,1736631394
26,bayanaul,50.7889,75.6956,257.61,80,{'all': 35},2.74,KZ,1736631395
27,papatowai,-46.5619,169.4708,285.89,59,{'all': 87},2.5,NZ,1736631396
28,pyt-yakh,60.7499,72.8582,256.66,97,{'all': 34},2.8,RU,1736631397
29,yeppoon,-23.1333,150.7333,299.05,84,{'all': 8},2.2,AU,1736631398
30,faya-largeau,17.9257,19.1043,289.79,28,{'all': 16},8.31,TD,1736631400
31,saipan,15.1355,145.701,301.54,78,{'all': 20},8.23,MP,1736631401
32,kurumkan,54.3,110.3,252.91,99,{'all': 100},1.0,RU,1736631402
33,kingston,17.997,-76.7936,301.68,70,{'all': 75},3.6,JM,1736631028
34,long beach,33.767,-118.1892,293.77,58,{'all': 0},3.09,US,1736631161
35,jamestown,42.097,-79.2353,269.95,90,{'all': 100},4.63,US,1736631405
36,al bayda',32.7627,21.7551,283.3,90,{'all': 49},5.31,LY,1736631406
37,adamstown,-25.066,-130.1015,297.76,70,{'all': 67},1.9,PN,1736631407
38,praia da vitoria,38.7333,-27.0667,292.29,88,{'all': 75},14.78,PT,1736631408
39,azovo,54.6997,73.0237,263.09,95,{'all': 96},2.85,RU,1736631410
40,ketchikan,55.3422,-131.6461,280.41,88,{'all': 100},6.17,US,1736631191
41,kirakira,-10.4544,161.9205,302.14,71,{'all': 36},1.82,SB,1736631413
42,port mathurin,-19.6833,63.4167,298.83,73,{'all': 4},9.21,MU,1736631415
43,port alfred,-33.5906,26.891,292.69,88,{'all': 10},0.89,ZA,1736631416
44,celestun,20.8667,-90.4,295.27,84,{'all': 100},6.66,MX,1736631417
45,weno,7.4515,151.8468,301.24,79,{'all': 91},9.53,FM,1736631419
46,grants,35.1473,-107.8514,280.28,18,{'all': 40},9.26,US,1736631420
47,monte alegre,-2.0078,-54.0692,301.65,61,{'all': 83},1.69,BR,1736631421
48,uturoa,-16.7333,-151.4333,300.89,75,{'all': 100},8.23,PF,1736631422
49,tobelo,1.7284,128.0095,299.7,84,{'all': 77},0.82,ID,1736631423
50,port elizabeth,-33.918,25.5701,293.88,82,{'all': 42},1.34,ZA,1736631425
51,edinburgh of the seven seas,-37.0676,-12.3116,290.17,87,{'all': 97},5.09,SH,1736631426
52,west island,-12.1568,96.8225,300.14,83,{'all': 40},4.12,CC,1736631428
53,tiksi,71.6872,128.8694,239.74,100,{'all': 63},1.22,RU,1736631429
54,thompson,55.7435,-97.8558,250.24,70,{'all': 75},3.09,CA,1736631154
55,pangody,65.85,74.4859,253.17,97,{'all': 37},4.55,RU,1736631431
56,invercargill,-46.4,168.35,285.38,68,{'all': 23},2.68,NZ,1736631432
57,paros,37.0833,25.15,289.99,82,{'all': 11},2.06,GR,1736631433
58,utrik,11.2278,169.8474,299.55,81,{'all': 91},10.5,MH,1736631434
59,sos'va,59.1766,61.8558,268.42,98,{'all': 100},1.43,RU,1736631435
60,lycksele,64.5954,18.6735,245.08,76,{'all': 52},0.0,SE,1736631436
61,inhambane,-23.865,35.3833,299.81,88,{'all': 88},3.11,MZ,1736631438
62,la passe,45.5549,-0.8967,276.67,80,{'all': 8},3.93,FR,1736631439
63,udachny,66.4167,112.4,246.71,99,{'all': 99},2.26,RU,1736631440
64,birzebbuga,35.8258,14.5269,287.53,88,{'all': 20},3.09,MT,1736631441
65,bredasdorp,-34.5322,20.0403,292.94,72,{'all': 34},4.51,ZA,1736631442
66,puerto armuelles,8.2833,-82.8667,299.87,76,{'all': 100},0.45,PA,1736631443
67,biao,7.1633,125.5211,297.05,94,{'all': 75},1.54,PH,1736631444
68,el calafate,-50.3408,-72.2768,288.04,67,{'all': 98},3.92,AR,1736631381
69,batouri,4.4333,14.3667,296.97,25,{'all': 98},0.47,CM,1736631446
70,college,64.8569,-147.8028,271.73,85,{'all': 75},1.54,US,1736631448
71,san julian,21.0167,-102.1667,289.13,63,{'all': 100},7.78,MX,1736631449
72,erdenet,49.0333,104.0833,250.87,95,{'all': 77},1.97,MN,1736631450
73,brezina,33.0989,1.2608,284.59,71,{'all': 6},7.8,DZ,1736631451
74,bardai,11.65,7.2333,290.29,21,{'all': 13},5.29,NG,1736631452
75,shakawe,-18.3667,21.85,293.74,93,{'all': 100},3.04,BW,1736631453
76,port lincoln,-34.7333,135.8667,294.51,69,{'all': 1},3.75,AU,1736631454
77,stanley,54.868,-1.6985,270.66,95,{'all': 28},1.32,GB,1736631334
78,santa terezinha,-29.9002,-50.0904,295.79,72,{'all': 26},5.62,BR,1736631456
79,ponta delgada,37.7333,-25.6667,291.59,88,{'all': 75},8.75,PT,1736631458
80,lagunas,-5.2269,-75.6753,299.6,92,{'all': 75},1.52,PE,1736631459
81,hermanus,-34.4187,19.2345,290.82,80,{'all': 56},3.97,ZA,1736631460
82,mermoz boabab,14.7065,-17.4758,296.03,56,{'all': 0},3.09,SN,1736631461
83,beledweyne,4.7358,45.2036,296.36,58,{'all': 97},7.44,SO,1736631462
84,sept-iles,50.2001,-66.3821,269.15,68,{'all': 20},3.09,CA,1736631380
85,contamana,-7.3333,-75.0167,304.82,52,{'all': 100},2.55,PE,1736631464
86,moires,35.0532,24.8744,288.22,82,{'all': 39},5.12,GR,1736631465
87,yellowknife,62.456,-114.3525,248.94,90,{'all': 75},2.57,CA,1736631466
88,san rafael,-34.6177,-68.3301,305.05,27,{'all': 41},3.88,AR,1736631199
89,sparti,37.0733,22.4297,286.45,94,{'all': 87},1.8,GR,1736631469
90,kerikeri,-35.2268,173.9474,295.32,69,{'all': 4},2.68,NZ,1736631470
91,ostersund,63.1792,14.6357,269.4,93,{'all': 100},3.09,SE,1736631471
92,ulladulla,-35.35,150.4667,295.83,66,{'all': 98},3.09,AU,1736631472
93,goundam,16.4145,-3.6708,293.28,15,{'all': 100},5.46,ML,1736631473
94,junin,-34.5838,-60.9433,308.58,18,{'all': 95},4.53,AR,1736631346
95,constantia,44.1833,28.65,272.53,76,{'all': 100},3.19,RO,1736631245
96,longyearbyen,78.2186,15.6401,263.06,52,{'all': 20},6.69,SJ,1736631476
97,okhotsk,59.3833,143.3,248.24,86,{'all': 41},3.78,RU,1736631477
98,prince rupert,54.3161,-130.3201,279.2,87,{'all': 20},8.75,CA,1736631478
99,amursk,50.2261,136.8994,246.67,100,{'all': 99},2.93,RU,1736631480
100,lebu,-37.6167,-73.65,290.35,80,{'all': 41},7.96,CL,1736631482
101,faro,37.0194,-7.9322,288.03,94,{'all': 0},3.6,PT,1736631483
102,huaicheng,23.9051,112.1931,275.67,27,{'all': 0},0.28,CN,1736631485
103,iskateley,67.6803,53.1512,256.31,88,{'all': 54},5.96,RU,1736631486
104,amble,55.3333,-1.5833,272.23,100,{'all': 17},2.57,GB,1736631487
105,orchard homes,46.8633,-114.0484,275.45,88,{'all': 100},3.09,US,1736631488
106,greymouth,-42.4667,171.2,291.52,39,{'all': 0},2.26,NZ,1736631489
107,hameenlinna,60.996,24.4643,266.68,67,{'all': 74},6.17,FI,1736631490
108,nova vicosa,-17.8919,-39.3719,298.3,86,{'all': 21},3.29,BR,1736631491
109,westerland,54.9079,8.3033,275.16,77,{'all': 0},6.17,DE,1736631492
110,machico,32.7,-16.7667,292.6,79,{'all': 75},2.06,PT,1736631493
111,vlore,40.4667,19.4897,286.46,85,{'all': 100},2.5,AL,1736631494
112,tsiombe,-25.3,45.4833,299.86,56,{'all': 0},3.09,MG,1736631495
113,vilyuchinsk,52.9306,158.4028,254.3,87,{'all': 25},4.91,RU,1736631497
114,flying fish cove,-10.4217,105.6791,297.97,94,{'all': 100},2.57,CX,1736631498
115,yaren,-0.5472,166.916,300.59,77,{'all': 98},5.12,NR,1736631499
116,cabo san lucas,22.8909,-109.9124,295.24,38,{'all': 0},7.2,MX,1736631277
117,basco,20.4487,121.9702,294.87,74,{'all': 88},9.19,PH,1736631501
118,northam,51.0333,-4.2167,278.6,96,{'all': 100},1.79,GB,1736631502
119,ust-nera,64.5667,143.2,233.92,97,{'all': 79},1.17,RU,1736631503
120,amos,48.5669,-78.1162,261.99,96,{'all': 96},0.8,CA,1736631504
121,susuman,62.7833,148.1667,230.34,100,{'all': 86},0.2,RU,1736631505
122,karratha,-20.7377,116.8463,303.19,66,{'all': 85},2.2,AU,1736631507
123,nadym,65.5333,72.5167,252.8,93,{'all': 57},4.21,RU,1736631508
124,mount pearl,47.5166,-52.7813,274.34,95,{'all': 75},8.75,CA,1736631509
125,menongue,-14.6585,17.691,294.98,51,{'all': 85},1.34,AO,1736631511
126,i-n-salah,27.1935,2.4607,290.53,31,{'all': 1},3.64,DZ,1736631512
127,ilulissat,69.2167,-51.1,256.16,55,{'all': 40},1.54,GL,1736631514
128,enewetak,11.3474,162.3373,299.99,75,{'all': 80},9.46,MH,1736631515
129,youghal,51.95,-7.8506,277.34,100,{'all': 100},0.65,IE,1736631516
130,carauari,-4.8828,-66.8958,303.19,67,{'all': 82},0.48,BR,1736631517
131,thoothukudi,8.8054,78.1453,297.43,75,{'all': 99},6.9,IN,1736631519
132,bandar labuan,5.2888,115.2692,298.35,94,{'all': 20},0.0,MY,1736631520
133,margate,51.3813,1.3862,271.97,84,{'all': 4},3.78,GB,1736631521
134,new kingman-butler,35.265,-114.0323,285.8,21,{'all': 0},9.26,US,1736631522
135,keflavik,64.0049,-22.5624,278.39,100,{'all': 100},9.77,IS,1736631523
136,illela,13.7292,5.2975,292.11,21,{'all': 8},4.51,NG,1736631524
137,trimbak,19.9333,73.55,288.82,62,{'all': 32},1.93,IN,1736631525
138,waingapu,-9.6567,120.2641,299.29,80,{'all': 100},1.63,ID,1736631527
139,saliste,45.7963,23.8868,268.6,68,{'all': 0},1.54,RO,1736631528
140,price,39.5994,-110.8107,273.57,51,{'all': 12},7.41,US,1736631529
141,anadyr,64.75,177.4833,254.43,84,{'all': 75},7.0,RU,1736631530
142,san pedro pochutla,15.7333,-96.4667,303.55,49,{'all': 61},2.68,MX,1736631531
143,olonkinbyen,70.9221,-8.7187,263.73,89,{'all': 99},4.84,SJ,1736631532
144,akarp,58.2333,13.65,271.55,85,{'all': 7},4.21,SE,1736631533
145,atafu village,-8.5421,-172.5159,301.26,73,{'all': 100},6.68,TK,1736631534
146,alice springs,-23.7,133.8833,298.9,44,{'all': 20},4.63,AU,1736631535
147,antalaha,-14.9003,50.2788,297.93,91,{'all': 100},1.34,MG,1736631536
148,jackson,42.4165,-122.8345,278.74,93,{'all': 100},0.0,US,1736631360
149,sao vicente,-23.9631,-46.3919,298.12,26,{'all': 62},2.24,BR,1736631539
150,klyuchi,52.2667,79.1667,262.14,95,{'all': 99},3.39,RU,1736631540
151,isafjordur,66.0755,-23.124,275.14,91,{'all': 100},4.04,IS,1736631541
152,puerto baquerizo moreno,-0.9,-89.6,300.7,69,{'all': 75},5.14,EC,1736631542
153,nantucket,41.2835,-70.0995,275.21,87,{'all': 100},4.63,US,1736631543
154,san patricio,28.017,-97.5169,288.12,32,{'all': 1},4.17,US,1736631545
155,port douglas,-16.4833,145.4667,300.93,70,{'all': 91},0.54,AU,1736631546
156,bestobe,52.4994,73.0975,260.24,89,{'all': 70},4.38,KZ,1736631548
157,fort bragg,35.139,-79.006,279.9,56,{'all': 75},4.12,US,1736631549
158,belyy yar,53.6039,91.3903,268.09,80,{'all': 0},8.0,RU,1736631550
159,yuzhno-kurilsk,44.0306,145.8556,269.84,75,{'all': 100},4.83,RU,1736631551
160,tazovsky,67.4667,78.7,250.13,100,{'all': 93},3.01,RU,1736631553
161,whitehorse,60.7161,-135.0538,274.58,75,{'all': 75},9.26,CA,1736631554
162,yarmouth,41.7057,-70.2286,274.82,94,{'all': 100},3.6,US,1736631556
163,juan griego,11.0817,-63.9655,299.03,78,{'all': 14},5.12,VE,1736631558
164,cambria,35.5641,-121.0808,292.73,53,{'all': 0},0.89,US,1736631559
165,giyani,-23.3025,30.7187,297.45,84,{'all': 99},1.65,ZA,1736631562
166,mitu,1.1983,-70.1733,300.17,70,{'all': 95},1.04,CO,1736631563
167,acapulco de juarez,16.8634,-99.8901,303.05,58,{'all': 100},2.57,MX,1736631564
168,hasaki,35.7333,140.8333,282.53,38,{'all': 100},3.73,JP,1736631565
169,halabjah,35.1778,45.9861,281.03,81,{'all': 100},2.82,IQ,1736631566
170,broome,42.2506,-75.833,270.18,80,{'all': 100},4.63,US,1736631292
171,petropavlovsk-kamchatsky,53.0452,158.6483,253.48,50,{'all': 0},3.0,RU,1736631568
172,gaoping,30.7758,106.1029,279.42,79,{'all': 3},0.52,CN,1736631569
173,champerico,14.3,-91.9167,301.33,66,{'all': 0},3.88,GT,1736631570
174,puerto ayora,-0.7393,-90.3518,298.46,90,{'all': 88},2.68,EC,1736631572
175,ichinohe,40.2069,141.3017,271.03,93,{'all': 61},1.49,JP,1736631573
176,cadale,2.7603,46.3222,297.51,76,{'all': 7},8.53,SO,1736631574
177,akureyri,65.6835,-18.0878,276.11,75,{'all': 40},5.66,IS,1736631575
178,ylitornio,66.3089,23.6773,253.23,97,{'all': 18},0.9,FI,1736631576
179,west bay,19.3667,-81.4167,301.19,69,{'all': 20},3.09,KY,1736631577
180,haiku-pauwela,20.9219,-156.3051,298.29,75,{'all': 20},10.73,US,1736631579
181,koulikoro,14.0,-7.75,293.9,18,{'all': 98},3.26,ML,1736631580
182,margaret river,-33.95,115.0667,289.98,81,{'all': 0},2.73,AU,1736631581
183,tofol,5.3248,163.0078,301.03,89,{'all': 75},2.06,FM,1736631582
184,tura,25.5198,90.2201,287.41,65,{'all': 15},1.53,IN,1736631583
185,tocopilla,-22.092,-70.1979,294.55,71,{'all': 9},1.9,CL,1736631584
186,pangai,-19.8,-174.35,301.21,61,{'all': 20},2.57,TO,1736631586
187,shingu,33.7333,135.9833,277.5,82,{'all': 100},1.67,JP,1736631588
188,kapuskasing,49.4169,-82.4331,262.2,79,{'all': 100},3.6,CA,1736631553
189,aykhal,66.0,111.5,246.0,98,{'all': 100},3.37,RU,1736631590
190,vila velha,-20.3297,-40.2925,298.68,83,{'all': 75},3.6,BR,1736630776
191,hithadhoo,-0.6,73.0833,300.43,73,{'all': 24},4.53,MV,1736631592
192,kurtamysh,54.9103,64.4319,259.17,97,{'all': 100},1.83,RU,1736631593
193,umea,63.8284,20.2597,264.11,79,{'all': 0},3.6,SE,1736631457
194,bamboo flat,11.7,92.7167,299.2,73,{'all': 40},1.03,IN,1736631595
195,beau vallon,-20.4189,57.6953,299.28,78,{'all': 20},6.17,MU,1736631596
196,jalqani,12.4486,34.2186,295.76,22,{'all': 0},5.42,SD,1736631598
197,bahia de caraquez,-0.6,-80.4167,298.82,79,{'all': 91},4.72,EC,1736631599
198,khorixas,-20.3667,14.9667,293.42,51,{'all': 27},2.9,NA,1736631600
199,minab,27.1467,57.0801,290.69,39,{'all': 64},1.32,IR,1736631602
200,marsa alam,25.0757,34.8918,290.65,64,{'all': 0},4.63,EG,1736631603
201,richmond,37.5538,-77.4603,279.14,50,{'all': 40},5.14,US,1736631379
202,tokar,18.4254,37.729,295.95,71,{'all': 75},3.62,SD,1736631605
203,revda,56.801,59.9303,271.89,94,{'all': 100},3.35,RU,1736631606
204,black point,-34.6187,137.8972,295.48,65,{'all': 49},3.42,AU,1736631608
205,brisas de zicatela,15.8369,-97.0419,301.44,78,{'all': 100},4.12,MX,1736631609
206,suntar,62.1444,117.6319,256.21,97,{'all': 100},2.94,RU,1736631610
207,souillac,-20.5167,57.5167,299.36,78,{'all': 20},6.17,MU,1736631611
208,huicheng,23.0385,116.2899,279.28,26,{'all': 0},3.23,CN,1736631612
209,tolanaro,-25.0319,46.9987,300.19,78,{'all': 20},10.8,MG,1736631613
210,papao,-17.75,-149.55,300.97,85,{'all': 100},12.13,PF,1736631614
211,chadron,42.8294,-102.9999,276.46,70,{'all': 20},10.8,US,1736631513
212,sangkhla buri,15.1555,98.4536,287.29,70,{'all': 67},0.87,TH,1736631617
213,castillos,-34.1667,-53.8333,294.66,65,{'all': 0},3.4,UY,1736631618
214,boende,-0.2167,20.8667,297.17,67,{'all': 62},1.39,CD,1736631619
215,vostochnyy,55.8167,37.8667,273.06,100,{'all': 100},4.15,RU,1736631620
216,tralee,52.2704,-9.7026,277.48,89,{'all': 100},2.5,IE,1736631621
217,machina,13.1364,10.0492,289.46,21,{'all': 40},4.26,NG,1736631623
218,tsengel,49.4783,100.8894,254.13,90,{'all': 31},3.42,MN,1736631624
219,corinto,37.9407,22.9573,285.31,85,{'all': 57},0.87,GR,1736631625
220,avarua,-21.2078,-159.775,300.18,94,{'all': 100},14.4,CK,1736631626
221,dhidhdhoo,6.8833,73.1,299.95,77,{'all': 100},2.16,MV,1736631627
222,yardimli,38.9206,48.2372,280.1,45,{'all': 74},2.14,AZ,1736631628
223,hotan,37.0997,79.9269,268.29,48,{'all': 100},1.47,CN,1736631630
224,manta,-0.95,-80.7333,301.03,69,{'all': 100},2.06,EC,1736631631
225,alotau,-10.3069,150.4462,301.05,79,{'all': 99},0.26,PG,1736631632
226,shenjiamen,29.9576,122.298,277.65,45,{'all': 0},2.47,CN,1736631633
227,palikir - national government center,6.9248,158.1611,301.56,79,{'all': 100},6.69,FM,1736631634
228,alderetes,-26.8167,-65.1333,304.1,42,{'all': 40},0.0,AR,1736631635
229,mournies,35.4764,24.0092,287.37,77,{'all': 20},3.09,GR,1736631636
230,muyuka,4.2898,9.4103,299.21,80,{'all': 32},0.88,CM,1736631638
231,sinabang,2.4803,96.3801,298.14,87,{'all': 99},0.61,ID,1736631639
232,nyurba,63.2842,118.3319,256.44,96,{'all': 100},2.28,RU,1736631640
233,coquimbo,-29.9533,-71.3436,294.25,59,{'all': 40},5.14,CL,1736631641
234,kone,-21.0595,164.8658,302.54,50,{'all': 1},0.67,NC,1736631643
235,sumter,28.7086,-82.0831,287.6,61,{'all': 49},1.34,US,1736631644
236,newman,37.3138,-121.0208,289.84,32,{'all': 0},8.49,US,1736631410
237,masina,-4.3836,15.3914,296.63,89,{'all': 86},1.15,CD,1736631647
238,deulgaon raja,20.0167,76.0333,294.86,55,{'all': 97},2.63,IN,1736631648
239,indre arna,60.4247,5.4764,269.27,80,{'all': 12},2.04,NO,1736631649
240,siguiri,11.6667,-9.5,297.23,19,{'all': 100},1.3,GN,1736631650
241,sarangani,5.4033,125.4636,301.2,76,{'all': 100},9.38,PH,1736631651
242,rongelap,11.1635,166.8941,299.93,82,{'all': 99},10.67,MH,1736631652
243,nelspruit,-25.4745,30.9703,296.31,100,{'all': 100},0.0,ZA,1736631653
244,nola,40.922,14.5329,283.38,92,{'all': 100},3.39,IT,1736631655
245,prince george,53.9166,-122.753,275.84,69,{'all': 0},5.14,CA,1736631543
246,vilyuysk,63.7553,121.6247,252.57,98,{'all': 100},2.4,RU,1736631658
247,alva,56.1528,-3.8051,271.38,96,{'all': 82},1.99,GB,1736631659
248,qamdo,31.1667,97.2333,265.04,32,{'all': 15},0.45,CN,1736631660
249,marsh harbour,26.5412,-77.0636,296.16,81,{'all': 63},8.94,BS,1736631661
250,arcachon,44.5875,-1.0519,276.18,93,{'all': 0},1.54,FR,1736631662
251,nema,57.5067,50.5011,271.88,90,{'all': 98},4.36,RU,1736631663
252,tibati,6.4667,12.6333,294.58,23,{'all': 93},2.14,CM,1736631664
253,tondano,1.3038,124.9112,291.2,87,{'all': 96},1.02,ID,1736631665
254,mili,6.0815,171.735,301.0,76,{'all': 100},8.62,MH,1736631667
255,dudinka,69.4058,86.1778,244.69,92,{'all': 89},2.64,RU,1736631668
256,jiwani,25.05,61.7417,293.58,29,{'all': 1},2.38,PK,1736631669
257,buritis,-15.6178,-46.4233,298.29,80,{'all': 84},0.97,BR,1736631670
258,hobyo,5.3505,48.5268,296.76,70,{'all': 100},9.19,SO,1736631671
259,posto fiscal rolim de moura,-13.0833,-62.2667,298.79,91,{'all': 100},0.34,BR,1736631672
260,messaad,34.1543,3.5031,283.98,76,{'all': 10},7.5,DZ,1736631673
261,reggane,26.7158,0.1714,291.59,30,{'all': 1},4.94,DZ,1736631674
262,swakopmund,-22.6833,14.5333,290.92,84,{'all': 11},2.2,NA,1736631675
263,dryden,49.7833,-92.7503,259.31,78,{'all': 100},2.57,CA,1736631677
264,mahdia,35.5047,11.0622,288.4,61,{'all': 38},4.08,TN,1736631678
265,mount isa,-20.7333,139.5,302.02,61,{'all': 20},4.12,AU,1736631679
266,afaahiti,-17.75,-149.2833,299.11,81,{'all': 100},11.37,PF,1736631682
267,talcahuano,-36.7167,-73.1167,297.97,47,{'all': 0},8.23,CL,1736631683
268,wanning,18.8003,110.3967,284.1,71,{'all': 1},3.94,CN,1736631684
269,sirte,31.2089,16.5887,288.51,56,{'all': 0},5.37,LY,1736631685
270,fort st. john,56.2499,-120.8529,276.09,65,{'all': 40},3.6,CA,1736631686
271,horta,38.5333,-28.6333,292.95,90,{'all': 75},13.89,PT,1736631687
272,cill airne,52.05,-9.5167,277.84,87,{'all': 100},2.01,IE,1736631688
273,vorontsovka,50.6132,40.3549,276.85,94,{'all': 100},2.47,RU,1736631690
274,hawaiian paradise park,19.5933,-154.9731,295.88,93,{'all': 100},4.63,US,1736631691
275,badger,64.8,-147.5333,274.1,75,{'all': 0},2.57,US,1736631692
276,port macquarie,-31.4333,152.9167,295.97,84,{'all': 89},1.34,AU,1736631693
277,santa marta,11.2408,-74.199,307.18,62,{'all': 20},3.58,CO,1736631395
278,vadso,70.0744,29.7487,267.24,73,{'all': 27},11.32,NO,1736631695
279,port-vila,-17.7338,168.3219,298.93,78,{'all': 20},0.51,VU,1736631697
280,aasiaat,68.7098,-52.8699,247.93,100,{'all': 91},1.05,GL,1736631698
281,mount gambier,-37.8333,140.7667,292.95,77,{'all': 100},3.68,AU,1736631699
282,namtsy,62.7161,129.6658,246.76,99,{'all': 100},1.34,RU,1736631702
283,messini,37.0511,22.0078,287.69,94,{'all': 75},1.03,GR,1736631703
284,bakanas,44.8081,76.2772,268.21,70,{'all': 0},3.37,KZ,1736631704
285,morehead city,34.7229,-76.726,280.18,67,{'all': 6},3.13,US,1736631705
286,punta arenas,-53.15,-70.9167,285.21,82,{'all': 100},5.66,CL,1736631708
287,kruisfontein,-34.0033,24.7314,291.8,83,{'all': 77},6.48,ZA,1736631709
288,boyolangu,-8.1181,111.8935,297.57,85,{'all': 98},0.81,ID,1736631710
289,glace bay,46.1969,-59.957,273.4,84,{'all': 75},5.14,CA,1736631711
290,fale old settlement,-9.3852,-171.2468,301.47,73,{'all': 82},6.84,TK,1736631712
291,quellon,-43.1167,-73.6167,290.23,60,{'all': 51},2.32,CL,1736631713
292,vila franca do campo,37.7167,-25.4333,291.42,99,{'all': 100},10.24,PT,1736631714
293,coari,-4.085,-63.1414,301.54,75,{'all': 100},1.66,BR,1736631715
294,mega,4.05,38.3,289.52,62,{'all': 55},3.19,ET,1736631717
295,luganville,-15.5333,167.1667,301.23,66,{'all': 21},1.33,VU,1736631718
296,summerside,46.3959,-63.7876,271.22,100,{'all': 100},4.63,CA,1736632307
297,jabat,7.75,168.9751,301.29,70,{'all': 100},9.16,MH,1736632308
298,karasburg,-28.0167,18.75,294.82,27,{'all': 0},5.62,NA,1736632309
299,talnakh,69.4865,88.3972,246.15,87,{'all': 97},3.24,RU,1736632310
300,cayeli,41.0923,40.7292,285.48,54,{'all': 86},2.21,TR,1736632311
301,antsiranana,-12.2787,49.2917,298.19,93,{'all': 100},6.02,MG,1736632313
302,tot'ma,59.9747,42.7642,274.23,99,{'all': 100},3.53,RU,1736632315
303,alpine,32.835,-116.7664,293.23,23,{'all': 0},1.54,US,1736632316
304,sierra vista,31.5545,-110.3037,288.18,12,{'all': 0},8.23,US,1736632317
305,lyantor,61.6195,72.1555,257.17,92,{'all': 12},4.83,RU,1736632318
306,ust'-uda,54.1742,103.0304,258.92,99,{'all': 100},1.32,RU,1736632319
307,desaguadero,-16.5656,-69.0417,286.71,54,{'all': 99},3.16,PE,1736632321
308,san pedro garza garcia,25.6667,-100.4,286.38,64,{'all': 10},2.68,MX,1736632323
309,escanaba,45.7453,-87.0646,272.13,64,{'all': 100},3.09,US,1736632295
310,marquette,46.5333,-87.6335,269.72,71,{'all': 100},0.89,US,1736632325
311,moapa valley,36.5805,-114.4703,291.3,13,{'all': 0},6.93,US,1736632326
312,bonawon,9.134,122.9193,299.44,82,{'all': 99},2.51,PH,1736632327
313,namibe,-15.1961,12.1522,295.32,73,{'all': 19},4.15,AO,1736632328
314,akrehamn,59.2667,5.1833,267.29,93,{'all': 0},4.12,NO,1736632329
315,nemuro,43.3236,145.575,268.53,78,{'all': 42},3.21,JP,1736632331
316,kavieng,-2.5744,150.7967,301.77,75,{'all': 99},3.69,PG,1736632332
317,taoudenni,22.6783,-3.9836,292.69,14,{'all': 30},5.08,ML,1736632333
318,kapa'a,22.0752,-159.319,299.53,76,{'all': 0},6.17,US,1736632334
319,mandera,3.9366,41.867,301.12,35,{'all': 64},3.75,KE,1736632335
320,arraial do cabo,-22.9661,-42.0278,299.07,69,{'all': 75},3.6,BR,1736632337
321,kombolcha,11.0816,39.7434,288.58,73,{'all': 76},0.87,ET,1736632338
322,kamin-kashyrskyi,51.6241,24.9586,271.9,94,{'all': 100},5.06,UA,1736632340
323,hudiksvall,61.729,17.1036,264.79,90,{'all': 3},2.97,SE,1736632341
324,geneva,41.8875,-88.3054,272.6,70,{'all': 100},3.6,US,1736632342
325,kailua-kona,19.6406,-155.9956,300.13,73,{'all': 0},4.63,US,1736632343
326,sangmelima,2.9333,11.9833,294.13,39,{'all': 45},0.56,CM,1736632344
327,walvis bay,-22.9575,14.5053,290.65,86,{'all': 0},4.23,NA,1736632345
328,sinop,41.7711,34.8709,279.63,71,{'all': 89},1.08,TR,1736632347
329,chom thong,18.4174,98.6743,289.76,70,{'all': 56},1.27,TH,1736632348
330,sao felix do xingu,-6.6447,-51.995,297.1,96,{'all': 100},0.67,BR,1736632349
331,mata-utu,-13.2816,-176.1745,300.15,81,{'all': 100},5.62,WF,1736632350
332,labrador city,52.9463,-66.9114,263.1,79,{'all': 100},3.6,CA,1736632351
333,happy valley-goose bay,53.3168,-60.3315,271.32,74,{'all': 100},4.12,CA,1736632352
334,nueve de julio,-35.4444,-60.8831,309.12,17,{'all': 60},4.5,AR,1736632175
335,crane,31.3974,-102.3501,286.45,14,{'all': 0},3.84,US,1736632354
336,nova sintra,14.8667,-24.7167,297.15,74,{'all': 0},7.73,CV,1736632356
337,wuchuan,21.4571,110.7659,281.98,37,{'all': 0},2.4,CN,1736632357
338,kajaani,64.2273,27.7285,251.18,77,{'all': 0},0.51,FI,1736632358
339,new norfolk,-42.7826,147.0587,296.44,65,{'all': 100},1.29,AU,1736632359
340,boise,43.6135,-116.2035,278.72,66,{'all': 75},7.72,US,1736632360
341,sandnessjoen,66.0217,12.6316,272.99,77,{'all': 100},8.11,NO,1736632361
342,georgetown,5.4112,100.3354,301.11,68,{'all': 20},5.14,MY,1736632362
343,peniche,39.3558,-9.3811,289.38,99,{'all': 100},3.46,PT,1736632363
344,holualoa,19.6228,-155.9522,298.06,73,{'all': 0},4.63,US,1736632365
345,bandon,51.7469,-8.7425,277.92,88,{'all': 100},0.47,IE,1736632366
346,balcarce,-37.8462,-58.2552,297.49,72,{'all': 5},1.79,AR,1736632367
347,at taj,24.2049,23.2857,284.31,55,{'all': 4},2.91,LY,1736632368
348,dan khun thot,15.2085,101.7714,286.19,67,{'all': 79},7.02,TH,1736632369
349,kish,26.5578,54.0194,292.3,63,{'all': 0},2.06,IR,1736632370
350,lompoc,34.6391,-120.4579,296.22,31,{'all': 0},9.77,US,1736632371
351,east london,-33.0153,27.9116,295.11,77,{'all': 82},7.43,ZA,1736631614
352,vernon,50.2581,-119.2691,280.06,65,{'all': 41},1.54,CA,1736632374
353,tombolo,45.6395,11.8254,275.72,73,{'all': 0},2.37,IT,1736632375
354,manokwari,-0.8667,134.0833,299.42,77,{'all': 100},1.08,ID,1736632376
355,primorsk,46.7348,36.3443,277.13,86,{'all': 100},4.36,UA,1736632377
356,saint-pierre,-21.3393,55.4781,300.97,74,{'all': 75},1.03,RE,1736631909
357,kristiansund,63.1115,7.732,274.51,80,{'all': 75},2.57,NO,1736632379
358,caluula,11.9661,50.7569,296.01,62,{'all': 50},5.23,SO,1736632380
359,iwanai,42.9744,140.5089,267.16,94,{'all': 38},2.66,JP,1736632382
360,homer,59.6425,-151.5483,277.62,93,{'all': 40},2.57,US,1736632383
361,cannonvale,-20.2833,148.7,300.81,78,{'all': 6},5.96,AU,1736632384
362,tumbes,-3.5667,-80.4414,302.12,61,{'all': 75},1.54,PE,1736632385
363,san antonio de pale,-1.4014,5.6325,300.4,79,{'all': 59},3.27,GQ,1736632387
364,haifa,32.8156,34.9892,285.47,88,{'all': 2},2.34,IL,1736632388
365,pisco,-13.7,-76.2167,297.18,69,{'all': 0},2.06,PE,1736632136
366,sitka,57.0531,-135.33,280.09,81,{'all': 100},3.6,US,1736632391
367,anuradhapura,8.3565,80.4173,295.99,99,{'all': 100},2.83,LK,1736632392
368,khandyga,62.6667,135.6,246.12,99,{'all': 100},0.79,RU,1736632393
369,pierre,44.3683,-100.351,277.66,81,{'all': 100},8.75,US,1736632394
370,popondetta,-8.7537,148.2534,299.96,85,{'all': 82},0.1,PG,1736632395
371,cortez,37.3489,-108.5859,273.54,42,{'all': 18},11.17,US,1736632396
372,mahina,-17.5065,-149.489,302.02,74,{'all': 75},6.17,PF,1736632397
373,terekli-mekteb,44.1671,45.8698,279.71,77,{'all': 72},3.57,RU,1736632399
374,gurupa,-1.405,-51.64,297.27,98,{'all': 81},1.81,BR,1736632400
375,jalalaqsi,3.3766,45.5996,294.86,76,{'all': 20},6.34,SO,1736632401
376,hilo,19.7297,-155.09,294.54,96,{'all': 97},3.17,US,1736632402
377,kidal,18.4411,1.4078,292.14,18,{'all': 100},4.83,ML,1736632403
378,ghadamis,30.1337,9.5007,286.48,41,{'all': 0},3.41,LY,1736632404
379,mangai,-4.05,19.5333,294.42,96,{'all': 85},0.93,CD,1736632405
380,sola,-13.8833,167.55,300.29,68,{'all': 27},1.91,VU,1736632406
381,amassoma,4.9692,6.1097,298.71,77,{'all': 24},1.96,NG,1736632407
382,vosendorf,48.1211,16.3404,275.38,64,{'all': 75},15.2,AT,1736632408
383,kaedi,16.1465,-13.5047,297.25,11,{'all': 0},4.9,MR,1736632410
384,micheweni,-4.9667,39.8333,299.66,77,{'all': 100},3.67,TZ,1736632411
385,sisimiut,66.9395,-53.6735,255.64,89,{'all': 5},6.02,GL,1736632412
386,zouerate,22.7187,-12.4521,290.31,13,{'all': 0},4.07,MR,1736632413
387,sovetskaya gavan',48.9723,140.2878,253.86,96,{'all': 9},1.71,RU,1736632414
388,lokomotivnyy,53.0118,60.5684,266.76,90,{'all': 93},3.18,RU,1736632415
389,blackwater,-23.5833,148.8833,300.2,100,{'all': 4},2.91,AU,1736632416
390,ancud,-41.8697,-73.8203,290.53,69,{'all': 91},3.23,CL,1736632417
391,kupino,54.3663,77.2981,264.5,96,{'all': 99},3.22,RU,1736632419
392,galesong,-5.3166,119.3661,299.44,82,{'all': 100},2.9,ID,1736632420
393,kolosovka,56.4678,73.611,265.17,96,{'all': 100},2.57,RU,1736632421
394,fort mcmurray,56.7268,-111.381,255.92,85,{'all': 100},3.09,CA,1736632422
395,baiti,13.745,-14.7482,299.13,15,{'all': 0},3.89,SN,1736632423
396,argenton-sur-creuse,46.59,1.5198,271.85,89,{'all': 4},1.95,FR,1736632424
397,zanjan,36.6736,48.4787,274.68,88,{'all': 92},3.58,IR,1736632425
398,muynoq,43.7683,59.0214,271.94,60,{'all': 0},3.76,UZ,1736632426
399,richards bay,-28.783,32.0377,300.83,72,{'all': 100},2.71,ZA,1736632152
400,peace river,56.2501,-117.286,270.32,86,{'all': 100},3.6,CA,1736632429
401,el bayadh,33.6832,1.0193,279.47,96,{'all': 19},8.44,DZ,1736632430
402,tahoua,14.8888,5.2692,291.01,22,{'all': 13},4.84,NE,1736632431
403,gizo,-8.103,156.8419,302.01,72,{'all': 73},2.47,SB,1736632432
404,lensk,60.7253,114.9278,257.94,97,{'all': 100},1.85,RU,1736632433
405,nouadhibou,20.931,-17.0347,293.14,52,{'all': 0},1.54,MR,1736632434
406,varna,43.2167,27.9167,275.23,93,{'all': 100},2.06,BG,1736632435
407,kasane,-17.8167,25.15,291.93,94,{'all': 100},1.63,BW,1736632437
408,tiquipaya,-17.3382,-66.2189,288.13,80,{'all': 100},1.54,BO,1736632438
409,king,47.4665,-121.8179,276.37,82,{'all': 97},0.89,US,1736632170
410,strelka,58.0728,93.0344,266.95,94,{'all': 100},3.66,RU,1736632440
411,pizarro,4.9533,-77.366,299.6,85,{'all': 99},2.92,CO,1736632441
412,shenkursk,62.1091,42.896,270.64,98,{'all': 100},1.78,RU,1736632442
413,den burg,53.0542,4.7972,279.14,70,{'all': 75},4.63,NL,1736632443
414,nar'yan-mar,67.6713,53.087,256.28,88,{'all': 54},5.96,RU,1736632444
415,kununurra,-15.7667,128.7333,300.14,94,{'all': 80},2.06,AU,1736632445
416,mejit,10.2753,170.8646,300.08,68,{'all': 100},9.69,MH,1736632447
417,mhamid,29.82,-5.72,288.9,19,{'all': 22},1.57,MA,1736632448
418,charters towers,-20.1,146.2667,301.37,59,{'all': 3},5.53,AU,1736632449
419,kiunga,-6.1219,141.2906,297.08,98,{'all': 100},0.92,PG,1736632450
420,bontang,0.1333,117.5,297.77,90,{'all': 100},2.1,ID,1736632451
421,cabedelo,-6.9811,-34.8339,301.52,81,{'all': 76},5.21,BR,1736632452
422,aleksandrovsk,59.158,57.5624,275.82,100,{'all': 100},2.96,RU,1736632453
423,elon,36.1029,-79.5067,275.89,49,{'all': 75},7.2,US,1736632201
424,murehwa,-17.6432,31.784,292.24,88,{'all': 92},0.9,ZW,1736632456
425,wewak,-3.5534,143.6268,299.24,86,{'all': 100},2.27,PG,1736632457
426,gannavaram,16.5333,80.8,290.47,94,{'all': 99},2.35,IN,1736632458
427,dunedin,-45.8742,170.5036,285.41,63,{'all': 84},3.49,NZ,1736632459
428,kencong,-8.2833,113.3667,298.0,90,{'all': 99},1.47,ID,1736632460
429,ciudad guayana,8.3533,-62.6528,302.53,50,{'all': 98},4.53,VE,1736632461
430,la'ie,21.6477,-157.9253,299.88,68,{'all': 46},2.68,US,1736632462
431,trujillo,-8.116,-79.03,294.13,78,{'all': 75},5.14,PE,1736632463
432,harper,4.375,-7.7169,299.8,82,{'all': 75},3.63,LR,1736632465
433,copala,16.65,-98.9833,299.5,65,{'all': 87},3.04,MX,1736632466
434,woolgoolga,-30.1106,153.2007,296.08,82,{'all': 78},1.54,AU,1736632467
435,gracemere,-23.4333,150.45,301.14,83,{'all': 37},1.54,AU,1736632468
436,punta del este,-34.9667,-54.95,297.21,81,{'all': 40},5.14,UY,1736632447
437,taltal,-25.4,-70.4833,292.87,77,{'all': 34},1.16,CL,1736632470
438,ta`u,-14.2336,-169.5144,300.55,79,{'all': 100},6.05,AS,1736632471
439,luderitz,-26.6481,15.1594,292.46,61,{'all': 1},8.78,NA,1736632472
440,tchintabaraden,15.8969,5.7985,290.21,23,{'all': 93},5.44,NE,1736632475
441,patti,31.2808,74.8572,282.44,95,{'all': 100},3.58,IN,1736632476
442,grajau,-5.8194,-46.1386,296.89,94,{'all': 100},1.94,BR,1736632477
443,longboat key,27.4125,-82.659,287.64,67,{'all': 100},5.66,US,1736632255
444,eforie sud,44.0229,28.6494,277.17,75,{'all': 100},3.57,RO,1736632479
445,boca do acre,-8.7522,-67.3978,301.24,78,{'all': 100},1.37,BR,1736632480
446,palu,-0.8917,119.8707,297.12,98,{'all': 100},1.37,ID,1736632481
447,raton,36.9034,-104.4391,280.49,36,{'all': 20},11.32,US,1736632482
448,ola,59.5833,151.2833,246.66,87,{'all': 1},3.59,RU,1736632483
449,barinitas,8.7622,-70.4111,301.36,43,{'all': 75},0.93,VE,1736632484
450,le port,-20.9373,55.2919,300.13,80,{'all': 74},3.05,RE,1736632486
451,bahadurgarh,28.6833,76.9167,283.21,76,{'all': 20},2.49,IN,1736632487
452,plettenberg bay,-34.0527,23.3716,292.73,82,{'all': 89},4.53,ZA,1736632488
453,laojunmiao,39.8333,97.7333,265.61,30,{'all': 0},1.08,CN,1736632489
454,el granada,37.5027,-122.4694,292.47,37,{'all': 0},7.2,US,1736632490
455,duminichi,53.9345,35.1099,271.74,80,{'all': 55},3.31,RU,1736632491
456,gamba,-2.65,10.0,298.35,91,{'all': 100},2.16,GA,1736632492
457,garoowe,8.4054,48.4845,291.38,67,{'all': 86},4.05,SO,1736632493
458,sanming,26.2486,117.6186,272.78,39,{'all': 0},0.46,CN,1736632495
459,bani walid,31.7566,13.9942,286.85,37,{'all': 0},3.97,LY,1736632496
460,andovoranto,-18.95,49.1,298.04,91,{'all': 95},3.41,MG,1736632497
461,sucua,-2.4667,-78.1667,298.56,69,{'all': 40},4.12,EC,1736632498
462,nili,33.7218,66.1302,268.63,59,{'all': 0},2.24,AF,1736632499
463,cooper's town,26.8667,-77.5167,295.42,74,{'all': 81},8.73,BS,1736632500
464,hassi messaoud,31.6804,6.0729,285.07,54,{'all': 0},2.06,DZ,1736632501
465,puerto aysen,-45.4,-72.7,294.38,49,{'all': 92},2.45,CL,1736632504
466,lagoa formosa,-18.7786,-46.4075,296.01,78,{'all': 56},1.15,BR,1736632505
467,neyriz,29.1988,54.3278,280.62,39,{'all': 100},1.82,IR,1736632506
468,tobol'sk,58.2,68.2667,264.55,98,{'all': 100},1.28,RU,1736632507
469,salalah,17.0151,54.0924,294.2,56,{'all': 20},2.06,OM,1736632508
470,ghanzi,-21.5667,21.7833,295.61,76,{'all': 100},4.22,BW,1736632509
471,juticalpa,14.65,-86.2,301.29,59,{'all': 6},1.07,HN,1736632510
472,grantsville,40.5999,-112.4644,276.14,54,{'all': 100},3.58,US,1736632511
473,nagato,34.3833,131.2,278.57,61,{'all': 100},9.12,JP,1736632514
474,toba,34.4833,136.85,279.48,70,{'all': 100},2.76,JP,1736632375
475,salekhard,66.53,66.6019,253.93,96,{'all': 11},2.99,RU,1736632516
476,el porvenir,13.7617,-87.3458,304.79,37,{'all': 71},2.99,HN,1736632517
477,hauterive,46.0901,3.4459,270.97,94,{'all': 3},1.73,FR,1736632518
478,lospalos,-8.5186,127.0025,296.69,94,{'all': 100},1.67,TL,1736632519
479,al bawiti,28.3492,28.8659,285.05,71,{'all': 0},2.31,EG,1736632520
480,shalkar,47.8288,59.6258,264.74,79,{'all': 1},3.97,KZ,1736632521
481,grand falls-windsor,48.9332,-55.6649,273.99,87,{'all': 100},1.34,CA,1736632522
482,bac lieu,9.285,105.7244,295.66,83,{'all': 100},4.11,VN,1736632524
483,abilene,32.4487,-99.7331,287.27,29,{'all': 0},9.77,US,1736632261
484,lerwick,60.1545,-1.1494,277.59,69,{'all': 76},6.23,GB,1736632526
485,outjo,-20.1167,16.15,295.85,35,{'all': 78},6.25,NA,1736632527
486,flin flon,54.7682,-101.865,253.06,77,{'all': 20},6.17,CA,1736632528
487,tadine,-21.55,167.8833,299.35,57,{'all': 12},3.26,NC,1736632529
488,bechar,31.6167,-2.2167,286.33,35,{'all': 0},5.14,DZ,1736632530
489,filadelfia,39.9523,-75.1638,274.16,62,{'all': 40},9.26,US,1736632310
490,st. john's,47.5649,-52.7093,274.8,95,{'all': 75},8.75,CA,1736632473
491,soroti,1.7146,33.6111,295.06,73,{'all': 87},1.11,UG,1736632533
492,kharp,66.8014,65.8081,255.82,96,{'all': 60},3.71,RU,1736632535
493,poli,-3.3333,36.8,290.49,85,{'all': 100},0.92,TZ,1736632536
494,azul,-36.777,-59.8585,306.82,18,{'all': 13},3.63,AR,1736632537
495,dhuusamarreeb,5.535,46.3861,293.55,73,{'all': 99},5.4,SO,1736632538
496,port sudan,19.6175,37.2164,295.63,64,{'all': 86},6.45,SD,1736632539
497,colonia,50.9333,6.95,273.96,93,{'all': 100},5.14,DE,1736632473
498,dem'yanovo,60.3511,47.0842,274.39,100,{'all': 100},3.92,RU,1736632541
499,sabalgarh,26.25,77.4,285.27,77,{'all': 65},2.52,IN,1736632542
500,victoria falls,-17.9235,25.843,293.2,93,{'all': 100},1.51,ZW,1736632543
501,vikhorevka,56.1201,101.1636,265.81,91,{'all': 100},4.17,RU,1736632544
502,deniliquin,-35.5333,144.9667,299.67,51,{'all': 96},3.88,AU,1736632546
503,staryy sambir,49.4386,23.0006,271.02,79,{'all': 100},4.73,UA,1736632547
504,mana,5.6592,-53.7767,298.83,85,{'all': 99},5.22,GF,1736632548
505,shambu,9.5667,37.1,286.52,47,{'all': 94},1.04,ET,1736632549
506,neya,58.2972,43.8681,273.28,95,{'all': 100},3.97,RU,1736632550
507,gulf shores,30.246,-87.7008,282.6,66,{'all': 0},0.89,US,1736632529
508,hamilton,39.1834,-84.5333,274.12,68,{'all': 100},5.14,US,1736632542
509,kiruna,67.8557,20.2251,259.66,92,{'all': 63},5.14,SE,1736632553
510,prainha,-1.8,-53.48,302.06,61,{'all': 95},1.64,BR,1736632554
511,morant bay,17.8815,-76.4093,299.45,85,{'all': 39},4.77,JM,1736632555
512,chonchi,-42.6128,-73.8092,296.55,45,{'all': 100},0.69,CL,1736632557
513,chibougamau,49.9168,-74.3659,261.94,92,{'all': 100},1.03,CA,1736632365
514,qarauyl,48.9451,79.255,260.38,67,{'all': 6},1.85,KZ,1736632559
515,tezu,27.9167,96.1667,288.2,49,{'all': 43},1.78,IN,1736632560
516,bandarbeyla,9.4942,50.8122,295.96,66,{'all': 79},8.0,SO,1736632561
517,port augusta,-32.5,137.7667,298.29,46,{'all': 2},3.13,AU,1736632481
518,changyon,38.2508,125.0961,266.49,79,{'all': 14},1.35,KP,1736632563
519,tual,-5.6667,132.75,301.49,75,{'all': 98},2.27,ID,1736632564
520,rio grande,-32.035,-52.0986,294.81,65,{'all': 0},5.43,BR,1736632565
521,kalaleh,37.3807,55.4916,276.93,81,{'all': 0},0.0,IR,1736632567
522,summit park,40.7458,-111.6116,270.46,77,{'all': 94},4.02,US,1736632568
523,zaozersk,69.4005,32.4476,259.52,77,{'all': 5},5.14,RU,1736632569
524,tindouf,27.6711,-8.1474,288.4,20,{'all': 0},1.03,DZ,1736632570
525,nova paka,50.4945,15.515,272.82,91,{'all': 100},5.54,CZ,1736632571
526,kaga bandoro,6.9896,19.1874,297.7,23,{'all': 1},1.87,CF,1736632572
527,thunder bay,48.4001,-89.3168,265.14,86,{'all': 100},1.54,CA,1736632476
528,kourou,5.1552,-52.6478,298.07,88,{'all': 83},3.13,GF,1736632574
529,lorengau,-2.0226,147.2712,301.92,73,{'all': 98},3.4,PG,1736632575
530,ukiah,39.1502,-123.2078,291.09,31,{'all': 0},3.09,US,1736632573
531,uray,60.1247,64.7758,256.91,98,{'all': 77},1.17,RU,1736632578
532,ha'il,27.5219,41.6907,284.16,50,{'all': 0},1.03,SA,1736632579
533,naze,28.3667,129.4833,285.66,69,{'all': 83},7.0,JP,1736632580
534,vorgashor,67.5833,63.95,257.54,97,{'all': 91},3.71,RU,1736632581
535,wotho,10.1657,166.0102,300.44,80,{'all': 51},10.7,MH,1736632582
536,kaiyuan,23.6977,103.3037,278.24,73,{'all': 84},0.8,CN,1736632583
537,monte azul,-15.155,-42.8747,296.05,91,{'all': 70},0.11,BR,1736632584
538,zubri,49.466,18.0925,273.84,79,{'all': 100},1.79,CZ,1736632585
539,jeremie,18.65,-74.1167,298.13,83,{'all': 52},0.63,HT,1736632586
540,gadzhiyevo,69.2551,33.3362,258.47,88,{'all': 19},5.95,RU,1736632588
541,sholokhovskiy,48.2807,41.0459,277.14,86,{'all': 100},2.17,RU,1736632589
542,kungur,57.4368,56.9593,272.88,99,{'all': 100},4.42,RU,1736632590
543,rawah,34.4816,41.9093,283.69,85,{'all': 99},2.52,IQ,1736632591
544,bloomfield,40.8068,-74.1854,275.32,63,{'all': 100},7.2,US,1736632331
545,mamou,10.5,-12.0,296.08,21,{'all': 100},1.03,GN,1736632594
546,prineville,44.2999,-120.8345,278.96,50,{'all': 20},3.13,US,1736632596
547,puerto colombia,10.9878,-74.9547,305.2,66,{'all': 27},7.69,CO,1736632597
548,jayapura,-2.5333,140.7,298.81,90,{'all': 100},0.7,ID,1736632598
549,kosong,38.3788,128.4676,267.37,65,{'all': 99},3.61,KR,1736632599
550,scotts valley,37.0511,-122.0147,291.42,31,{'all': 0},3.13,US,1736632600
551,callao,-12.0667,-77.15,297.31,69,{'all': 0},3.6,PE,1736632601
552,el fasher,13.6279,25.3494,287.82,29,{'all': 3},3.4,SD,1736632602
553,milton keynes,52.0417,-0.7558,271.92,94,{'all': 100},1.16,GB,1736632603
554,kargasok,59.0556,80.8572,261.4,94,{'all': 88},4.76,RU,1736632604
555,portland,45.5234,-122.6762,282.64,87,{'all': 100},2.06,US,1736632579
556,argo,37.6333,22.7333,285.58,85,{'all': 57},1.61,GR,1736632607
557,ruidoso,33.3317,-105.673,279.61,35,{'all': 0},3.6,US,1736632608
558,peringat,6.0333,102.2833,297.12,94,{'all': 40},0.0,MY,1736632609
559,galashiels,55.6146,-2.807,271.53,92,{'all': 46},1.47,GB,1736632610
560,mar del plata,-38.0023,-57.5575,295.34,82,{'all': 20},6.17,AR,1736632506
561,brookings,44.3114,-96.7984,273.81,89,{'all': 100},4.12,US,1736632423
562,gannan,47.9147,123.5031,245.03,94,{'all': 27},1.37,CN,1736632614
563,mhangura,-16.8939,30.1683,291.94,92,{'all': 79},1.08,ZW,1736632615
564,nenjiang,49.1833,125.2167,239.81,100,{'all': 89},1.29,CN,1736632617
565,minas de marcona,-15.2119,-75.1103,293.45,60,{'all': 34},6.87,PE,1736632618
566,omuo-ekiti,7.7583,5.7223,297.31,20,{'all': 14},1.9,NG,1736632619
567,san vicente de canete,-13.0751,-76.3835,295.13,76,{'all': 89},2.76,PE,1736632620
568,salinopolis,-0.6136,-47.3561,299.13,88,{'all': 62},4.83,BR,1736632621
569,kulebaki,55.4133,42.5325,274.76,95,{'all': 100},3.8,RU,1736632622
570,mukalla,14.5425,49.1242,294.24,68,{'all': 3},2.91,YE,1736632623
571,tamanrasset,22.785,5.5228,283.1,16,{'all': 0},2.57,DZ,1736632624
572,beykonak,36.3257,30.303,288.1,76,{'all': 100},2.19,TR,1736632626
573,saldanha,-33.0117,17.9442,291.18,91,{'all': 7},4.76,ZA,1736632627
574,mirny,62.5353,113.9611,252.33,100,{'all': 100},1.16,RU,1736632628
575,villa huidobro,-34.8383,-64.5869,308.75,18,{'all': 100},2.86,AR,1736632629
576,linxia chengguanzhen,35.6003,103.2064,263.24,57,{'all': 0},1.68,CN,1736632630
577,viana do castelo,41.6932,-8.8329,286.77,94,{'all': 45},2.64,PT,1736632631
578,sumbawanga,-7.9667,31.6167,287.67,86,{'all': 42},0.64,TZ,1736632632
